type;com;label;description
RA;1;Socio-Technical Transitions for Sustainability;Research in this field delves into socio-technical transitions, which refer to the long-term, multidimensional processes that shift existing socio-technical systems towards more sustainable ones. These studies are grounded in the multi-level perspective (MLP), which dissects the dynamics between 'niches' (innovative practices), 'regimes' (dominant systems), and the broader 'landscape'. A core theme is the intertwining of technology, institutions, and actors, with emphasis on how they mutually shape each other. Policy interventions and innovative strategies are extensively analyzed, especially in the context of promoting sustainability. These transitions are crucial not only for academic understanding but also for informing policy decisions, guiding technological innovations, and shaping societal transformations towards a more sustainable future. The implications of this research are vast, offering insights to policymakers, professionals, and stakeholders in the pursuit of sustainable transitions in various sectors, especially energy and urban development.
RA;2;Environmental Regulation-Driven Eco-Innovation;"The collective body of research delves into the profound interplay between environmental regulations and eco-innovations, predominantly in manufacturing and industrial sectors across different countries. There is a consistent theme highlighting how stricter environmental regulations can act as a catalyst for firms to innovate, seeking greener, more sustainable solutions, whether in products, processes, or organizational structures. However, the effectiveness of these regulations varies across contexts, with certain types like pollution charges or emissions trading displaying varied outcomes. Several studies underscore the importance of internal and external knowledge sources, pointing to the role of collaboration and technology transfer. Additionally, the research underscores the significance of market forces, policy, and institutional frameworks in shaping eco-innovative strategies. The implications of this theme are manifold: for policymakers, there's a need to fine-tune regulatory mechanisms to foster innovation without stifling growth; for businesses, the shift towards eco-innovation can be a competitive advantage; and for scholars, there remains a rich avenue for further investigation into the nuanced determinants and outcomes of eco-innovative endeavors."
RA;3;Urbanized Technological Evolution;The central theme across the provided documents revolves around the role of urbanization and regional specialization in driving technological and innovative advancements. The research is primarily grounded in the examination of patent activity, both in terms of quantity and content, across diverse metropolitan areas. Key findings consistently suggest that larger urban areas demonstrate a superlinear effect, with increasing returns to innovation and patenting activity relative to their population size. This phenomenon is augmented by the presence of a larger pool of inventors in these metropolitan areas, even though individual productivity remains constant. The interplay between related and unrelated technological variety in a region also holds significance. While unrelated technological diversity drives early-stage green technology developments, related variety gains prominence as technologies mature. Another notable aspect is the role of regional human capital, research facilities, and local knowledge networks in catalyzing patent output. Agglomeration and spatial factors further influence creativity, with patent activities flourishing in larger and denser labor markets. Overall, the research suggests that urbanized areas, due to their inherent characteristics, serve as hotbeds for technological advancements, with implications for policymakers and professionals aiming to foster innovation.
RA;4;Industry 4.0 Integration & Sustainability;"The overarching theme of the provided articles revolves around the conceptualization and integration of ""Industry 4.0"" within the modern industrial and manufacturing landscape. Originating from the notion of the fourth industrial revolution, Industry 4.0 emphasizes the implementation of automation, digitalization, and data-driven approaches, prominently featuring technologies such as the Internet of Things (IoT), big data, cloud computing, and cyber-physical systems. These technologies are not only reshaping manufacturing practices but also highlighting a crucial intersection with sustainability Ð encompassing economic, environmental, and social dimensions. The collected research underscores the potential of Industry 4.0 in advancing lean management, optimizing production, enhancing organizational strategies, and fostering sustainable development. The implications of these studies are vast, informing theoretical frameworks, guiding policy decisions, and offering actionable insights for industry professionals and managers. These insights encompass the challenges and benefits of adoption, the importance of strategic planning, and the imperative of considering both technological and organizational aspects for successful implementation."
RA;5;Digitalized Circular Economy in Manufacturing;"The research theme centers around the integration of circular economy (CE) principles within the manufacturing sector, leveraging digitalization and industry 4.0. The studies explore CE's potential to transform traditional linear ""take, make, dispose"" models into regenerative systems, minimizing resource inputs and waste. Key areas of focus include the conceptual frameworks of CE, barriers and opportunities in its implementation, and the empirical evidence of its practical application. The integration of digital transformation and industry 4.0 standards offers a promising avenue for achieving CE principles. By understanding these intertwined dynamics, there's potential to influence policy, offer valuable insights for professionals, and contribute significantly to both academic theory and sustainable industrial practices."
RA;6;Innovation Adaptation Dynamics;"The collected documents delve into the intricacies of how firms, particularly incumbents, respond to and navigate radical technological changes. Central to this exploration is the concept of ""creative destruction,"" which captures the tension between novel technological advancements and the obsolescence of existing competencies. The papers highlight the roles of organizational capabilities, strategic alliances, and business model innovations in shaping firms' responses. Notably, the dynamics between new entrants and incumbents, often characterized by competitive and cooperative interactions, play a pivotal role in defining industry evolution. These technological shifts have profound implications not only for the firms' strategic trajectories but also for broader industry structures, policy considerations, and professional practices. The overarching narrative underscores the importance of adaptability, foresight, and strategic agility in the face of transformative technological disruptions."
KB;1;Socio-Technical Sustainability Transitions;The literature delves deeply into the multi-level perspective (MLP) of socio-technical transitions, examining how societies adapt to and integrate technological innovations over time, especially in the context of sustainability. Central to this discourse is the understanding of how technological regimes evolve, how niches form and develop, and how these transitions interact with broader societal and institutional structures. Several references highlight the roles of power dynamics, politics, and governance in shaping these transitions. The emphasis is also on the challenges and strategies related to achieving sustainability through these transitions, such as the transition to low-carbon systems. The literature offers both historical case studies and theoretical frameworks, providing a comprehensive view of how technological and societal elements co-evolve in the quest for sustainable futures.
KB;2;Industry 4.0 & Sustainable Manufacturing;The literature primarily focuses on the emergence and evolution of Industry 4.0 and its transformative impact on manufacturing processes and systems. Central to the discourse is the integration of digital technologies, such as cyber-physical systems, smart manufacturing, and the Internet of Things (IoT), into the industrial landscape. Several articles delve into the challenges, readiness, and strategies for companies to transition towards this new paradigm. The role of Industry 4.0 in facilitating sustainable manufacturing practices is recurrently emphasized. This includes discussions on the ecological and social potentials that Industry 4.0 can unlock, emphasizing its pivotal role in achieving sustainability objectives in contemporary manufacturing setups.
KB;3;Environmental Regulation and Eco-Innovation;"The central thrust of the literature delves into how environmental regulations influence technological and eco-innovations, particularly within manufacturing and industry sectors. A significant number of these studies investigate the ""Porter Hypothesis,"" which postulates that strict environmental regulations can enhance innovation and competitiveness of firms. Several references further explore the determinants and drivers of eco-innovation, considering both external regulatory pressures and internal firm resources. Additionally, the literature touches upon the economic implications of these environmental innovations, including potential benefits in terms of firm performance and competitiveness. A recurring theme is the balance firms strike between adhering to environmental standards and maintaining or enhancing their competitive edge."
KB;4;Circular Economy and Sustainable Business;The literature predominantly investigates the concept and application of the circular economy, emphasizing its potential to balance environmental and economic systems. A substantial focus is given to the challenges and opportunities related to implementing circular economy practices within the manufacturing industry and global supply chains. Several articles delve into the intricacies of circular business model innovation, exploring how businesses can adapt to a more sustainable, resource-efficient paradigm. Additionally, the interplay between digitalization (Industry 4.0) and circular economy emerges as a notable point of interest. The research underscores the importance of transitioning from linear to circular models, ensuring prolonged resource productivity and sustainable development.
KB;5;Geographical Innovation and Growth;"The collection explores the interrelationships between innovation, economic growth, and geography. Many articles examine patent statistics as indicators of regional innovation and knowledge production. The concept of ""relatedness"" emerges as a recurring theme, underscoring the importance of industry and skill relatedness in regional diversification and new growth paths. The literature also delves into the significance of knowledge spillovers, both within regions and between academic research and high-tech industries. A substantial focus is placed on how regions diversify over time, the emergence of new industries, and the role of technological relatedness in shaping regional economic trajectories."